{
    "id": "MinamiRio",
    "Uploader": "Feiyap",
    "Visibility": "Public",
    "Title": "【CN】南莉央 ~ 黑色幸存者",
    "Author": "绯夜氏",
    "Version": "v1.0",
    "Cover": "MinamiRioCover.png",
    "Description": "莉央是拥有两种输出手段、脆弱但致命的技巧型射手。\n\n莉央无法造成暴击，并且拥有较低的生命值和防御力，但是升级时获得远超常人的命中率提升。她溢出的命中率将会转化为穿甲效果，攻击时视作目标减少等量的防御力。此外，莉央拥有“单弓”和“和弓”两种输出形态，在“单弓”形态下，她的攻击迅捷而轻巧；在“和弓”形态下，她的攻击猛烈且致命。\n\n合理地利用两种形态的切换，在队友的保护下编织出浓烈的火力网吧。\n\n包含1个角色。拥有8个基础技能，2个稀有技能，1个露西抽牌技能。\n包含4个皮肤。\n包含1个紫色装备，1个金色装备。"
}