{
    "S_MinamiRio_Rare_1": {
        "_gdeSchema": "Skill",
        "Category": "null",
        "Particle": "Particle/Buff",
        "Target": "self",
        "NotCount": true,
        "Disposable": true,
        "Name": "Robinhood",
        "UseAp": 1,
        "Rare": true,
        "User": "MinamiRio",
        "Effect_Self": "SE_S_S_MinamiRio_Rare_1",
        "Image_0": "S_MinamiRio_Rare_1\\S_MinamiRio_Rare_1_Image_0.png",
        "Image_1": "S_MinamiRio_Rare_1\\S_MinamiRio_Rare_1_Image_1.png",
        "Image_2": "S_MinamiRio_Rare_1\\S_MinamiRio_Rare_1_Image_2.png"
    }
}