{
    "S_MinamiRio_7": {
        "_gdeSchema": "Skill",
        "Category": "null",
        "Particle": "Particle/Buff",
        "Target": "ally",
        "NotCount": true,
        "Disposable": true,
        "Name": "百发百中",
        "Description": "抽取1个技能。",
        "User": "MinamiRio",
        "UseAp": 1,
        "NoBasicSkill": true,
        "Effect_Target": "SE_T_S_MinamiRio_7",
        "Image_0": "S_MinamiRio_7\\S_MinamiRio_7_Image_0.png",
        "Image_1": "S_MinamiRio_7\\S_MinamiRio_7_Image_1.png",
        "Image_2": "S_MinamiRio_7\\S_MinamiRio_7_Image_2.png",
        "SkillExtended": [
            "MinamiRio.S_MinamiRio_7"
        ]
    }
}