{
    "S_MinamiRio_Rare_2_0": {
        "_gdeSchema": "Skill",
        "Category": "null",
        "Particle": "Particle/Johan/Johan_0",
        "Rare": false,
        "Target": "enemy",
        "NotCount": false,
        "IgnoreTaunt": false,
        "NoBasicSkill": false,
        "Track": false,
        "NoDrop": true,
        "Effect_Target": "SE_T_S_MinamiRio_Rare_2_0",
        "NODOD": false,
        "NotChuck": false,
        "HealSkill": false,
        "Disposable": false,
        "Except": false,
        "Basic": false,
        "Fatal": false,
        "EnemyPreview": false,
        "UnknownTarget": false,
        "Name": "<color=#48D1CC>连矢</color>"
    }
}