{
    "S_MinamiRio_2": {
        "_gdeSchema": "Skill",
        "Category": "null",
        "Particle": "Particle/Johan/Johan_6",
        "Target": "enemy",
        "NotCount": false,
        "Name": "稳固射击",
        "Description": "<color=#48D1CC>单弓</color> - 附带迅速。\n<color=#FFD700>和弓</color> - 额外造成&a(35%)伤害。",
        "UseAp": 2,
        "User": "MinamiRio",
        "Track": true,
        "Effect_Target": "SE_T_S_MinamiRio_2",
        "Image_0": "S_MinamiRio_2\\S_MinamiRio_2_Image_0.png",
        "Image_1": "S_MinamiRio_2\\S_MinamiRio_2_Image_1.png",
        "Image_2": "S_MinamiRio_2\\S_MinamiRio_2_Image_2.png",
        "Effect_Self": "SE_S_S_MinamiRio_2",
        "SkillExtended": [
            "MinamiRio.S_MinamiRio_2"
        ]
    }
}