{
    "S_MinamiRio_LucyD": {
        "_gdeSchema": "Skill",
        "Category": "LucySkill",
        "Particle": "Particle/impact",
        "Rare": false,
        "Target": "Misc",
        "NODOD": false,
        "NotCount": false,
        "NotChuck": false,
        "HealSkill": false,
        "Disposable": false,
        "NoDrop": false,
        "IgnoreTaunt": false,
        "Except": false,
        "NoBasicSkill": false,
        "Basic": false,
        "Track": false,
        "Fatal": false,
        "EnemyPreview": false,
        "UnknownTarget": false,
        "Name": "KIOSK",
        "Description": "抽取2个技能。\n如果金币超过300，自动消耗300金币获得1个随机药水。",
        "User": "LucyDraw",
        "LucyPartyDraw": "MinamiRio",
        "UseAp": 0,
        "Image_0": "S_MinamiRio_LucyD\\S_MinamiRio_LucyD_Image_0.png",
        "Image_1": "S_MinamiRio_LucyD\\S_MinamiRio_LucyD_Image_1.png",
        "Image_2": "S_MinamiRio_LucyD\\S_MinamiRio_LucyD_Image_2.png",
        "SkillExtended": [
            "MinamiRio.S_MinamiRio_LucyD"
        ]
    }
}