{
    "S_MinamiRio_5_1": {
        "_gdeSchema": "Skill",
        "Category": "null",
        "Particle": "Particle/impact",
        "Target": "Misc",
        "Name": "箭越（向后）",
        "Description": "使所有敌人行动倒计时+1",
        "Image_0": "S_MinamiRio_5_1\\S_MinamiRio_5_1_Image_0.png",
        "Image_1": "S_MinamiRio_5_1\\S_MinamiRio_5_1_Image_1.png",
        "Image_2": "S_MinamiRio_5_1\\S_MinamiRio_5_1_Image_2.png",
        "NoDrop": true,
        "SkillExtended": [
            "MinamiRio.S_MinamiRio_5_1"
        ]
    }
}