{
    "S_MinamiRio_0": {
        "_gdeSchema": "Skill",
        "Category": "null",
        "Particle": "Particle/Buff",
        "Rare": false,
        "Target": "self",
        "NODOD": false,
        "NotCount": true,
        "NotChuck": false,
        "HealSkill": false,
        "Disposable": false,
        "NoDrop": false,
        "IgnoreTaunt": false,
        "Except": false,
        "NoBasicSkill": false,
        "Basic": true,
        "Track": false,
        "Fatal": false,
        "EnemyPreview": false,
        "UnknownTarget": false,
        "Name": "替弓",
        "UseAp": -1,
        "User": "MinamiRio",
        "Description": "使自身切换<color=#48D1CC>单弓</color>/<color=#FFD700>和弓</color>状态。\n作为固定技能时，<color=#DC143C>皆中</color>解除时变为可以使用的状态。",
        "Image_0": "S_MinamiRio_0\\S_MinamiRio_0_Image_0.png",
        "Image_1": "S_MinamiRio_0\\S_MinamiRio_0_Image_1.png",
        "Image_2": "S_MinamiRio_0\\S_MinamiRio_0_Image_2.png",
        "Effect_Self": "SE_S_S_MinamiRio_0",
        "SkillExtended": [
            "MinamiRio.S_MinamiRio_0"
        ]
    }
}