{
    "BattleTestPreset2": {
        "_gdeSchema": "Preset",
        "AP": 9,
        "Level": 6,
        "Party": [
            "Phoenix",
            "MissChain",
            "Priest",
            "MinamiRio"
        ],
        "PartyBasicSkill": [
            "S_Ilya_1",
            "S_Azar_5",
            "S_TW_Blue_5",
            "S_MinamiRio_0"
        ],
        "PartySkills": [
            [
                
            ],
            [
                
            ],
            [
                
            ],
            [
                "S_MinamiRio_Rare_1",
                "S_MinamiRio_2",
                "S_MinamiRio_2",
                "S_MinamiRio_3"
            ]
        ],
        "PartyEquip": [
            [
                
            ],
            [
                
            ],
            [
                
            ],
            [
                
            ]
        ],
        "LucySkill": [
            
        ],
        "ConsumeItems": [
            
        ]
    }
}